Filename,Internal_Power_mW,Switching_Power_mW,Leakage_Power_mW,Total_Power_mW,Record_Type,Pin_Name,Pin_Direction,Rise_Slew_ns,Fall_Slew_ns
slew_change1.rpt,0.00122089,0.00056161,6.704e-05,0.00184954,Slew,0.89999998,Input,0.26666665,0.26666665
slew_change1.rpt,0.00122089,0.00056161,6.704e-05,0.00184954,Slew,0.89999998,Input,0.26666665,0.26666665
slew_change1.rpt,0.00122089,0.00056161,6.704e-05,0.00184954,Slew,0.89999998,Input,0.26666665,0.26666665
slew_change1.rpt,0.00122089,0.00056161,6.704e-05,0.00184954,Slew,0.89999998,Output,0.16933333,0.16066666
slew_change1.rpt,0.00122089,0.00056161,6.704e-05,0.00184954,Slew,0.89999998,Output,0.12973333,0.12386667
slew_change10.rpt,0.00124994,0.00056161,6.704e-05,0.00187859,Slew,0.89999998,Output,0.1352,0.13039999
slew_change10.rpt,0.00124994,0.00056161,6.704e-05,0.00187859,Slew,0.89999998,Input,0.46253327,0.46253327
slew_change10.rpt,0.00124994,0.00056161,6.704e-05,0.00187859,Slew,0.89999998,Output,0.17666665,0.16653332
slew_change10.rpt,0.00124994,0.00056161,6.704e-05,0.00187859,Slew,0.89999998,Input,0.46253327,0.46253327
slew_change10.rpt,0.00124994,0.00056161,6.704e-05,0.00187859,Slew,0.89999998,Input,0.46253327,0.46253327
slew_change11.rpt,0.00125485,0.00056161,6.704e-05,0.0018835,Slew,0.89999998,Input,0.48439996,0.48439996
slew_change11.rpt,0.00125485,0.00056161,6.704e-05,0.0018835,Slew,0.89999998,Input,0.48439996,0.48439996
slew_change11.rpt,0.00125485,0.00056161,6.704e-05,0.0018835,Slew,0.89999998,Input,0.48439996,0.48439996
slew_change11.rpt,0.00125485,0.00056161,6.704e-05,0.0018835,Slew,0.89999998,Output,0.17759999,0.16733332
slew_change11.rpt,0.00125485,0.00056161,6.704e-05,0.0018835,Slew,0.89999998,Output,0.13586665,0.13119999
slew_change12.rpt,0.00125974,0.00056161,6.704e-05,0.00188839,Slew,0.89999998,Output,0.13639999,0.13186665
slew_change12.rpt,0.00125974,0.00056161,6.704e-05,0.00188839,Slew,0.89999998,Output,0.17839998,0.16813333
slew_change12.rpt,0.00125974,0.00056161,6.704e-05,0.00188839,Slew,0.89999998,Input,0.50613328,0.50613328
slew_change12.rpt,0.00125974,0.00056161,6.704e-05,0.00188839,Slew,0.89999998,Input,0.50613328,0.50613328
slew_change12.rpt,0.00125974,0.00056161,6.704e-05,0.00188839,Slew,0.89999998,Input,0.50613328,0.50613328
slew_change13.rpt,0.00126462,0.00056161,6.704e-05,0.00189327,Slew,0.89999998,Input,0.52786665,0.52786665
slew_change13.rpt,0.00126462,0.00056161,6.704e-05,0.00189327,Slew,0.89999998,Input,0.52786665,0.52786665
slew_change13.rpt,0.00126462,0.00056161,6.704e-05,0.00189327,Slew,0.89999998,Input,0.52786665,0.52786665
slew_change13.rpt,0.00126462,0.00056161,6.704e-05,0.00189327,Slew,0.89999998,Output,0.17919998,0.16893332
slew_change13.rpt,0.00126462,0.00056161,6.704e-05,0.00189327,Slew,0.89999998,Output,0.13706665,0.13253332
slew_change14.rpt,0.00126951,0.00056161,6.704e-05,0.00189816,Slew,0.89999998,Input,0.54959998,0.54959998
slew_change14.rpt,0.00126951,0.00056161,6.704e-05,0.00189816,Slew,0.89999998,Input,0.54959998,0.54959998
slew_change14.rpt,0.00126951,0.00056161,6.704e-05,0.00189816,Slew,0.89999998,Input,0.54959998,0.54959998
slew_change14.rpt,0.00126951,0.00056161,6.704e-05,0.00189816,Slew,0.89999998,Output,0.18013333,0.16986666
slew_change14.rpt,0.00126951,0.00056161,6.704e-05,0.00189816,Slew,0.89999998,Output,0.13773333,0.13333333
slew_change15.rpt,0.00127442,0.00056161,6.704e-05,0.00190307,Slew,0.89999998,Output,0.13826666,0.13399999
slew_change15.rpt,0.00127442,0.00056161,6.704e-05,0.00190307,Slew,0.89999998,Output,0.18106666,0.17079998
slew_change15.rpt,0.00127442,0.00056161,6.704e-05,0.00190307,Slew,0.89999998,Input,0.57146666,0.57146666
slew_change15.rpt,0.00127442,0.00056161,6.704e-05,0.00190307,Slew,0.89999998,Input,0.57146666,0.57146666
slew_change15.rpt,0.00127442,0.00056161,6.704e-05,0.00190307,Slew,0.89999998,Input,0.57146666,0.57146666
slew_change16.rpt,0.00127931,0.00056161,6.704e-05,0.00190796,Slew,0.89999998,Input,0.59319999,0.59319999
slew_change16.rpt,0.00127931,0.00056161,6.704e-05,0.00190796,Slew,0.89999998,Input,0.59319999,0.59319999
slew_change16.rpt,0.00127931,0.00056161,6.704e-05,0.00190796,Slew,0.89999998,Input,0.59319999,0.59319999
slew_change16.rpt,0.00127931,0.00056161,6.704e-05,0.00190796,Slew,0.89999998,Output,0.18199999,0.17186667
slew_change16.rpt,0.00127931,0.00056161,6.704e-05,0.00190796,Slew,0.89999998,Output,0.13893332,0.13466666
slew_change17.rpt,0.00128419,0.00056161,6.704e-05,0.00191284,Slew,0.89999998,Input,0.61493331,0.61493331
slew_change17.rpt,0.00128419,0.00056161,6.704e-05,0.00191284,Slew,0.89999998,Input,0.61493331,0.61493331
slew_change17.rpt,0.00128419,0.00056161,6.704e-05,0.00191284,Slew,0.89999998,Input,0.61493331,0.61493331
slew_change17.rpt,0.00128419,0.00056161,6.704e-05,0.00191284,Slew,0.89999998,Output,0.18306665,0.17306666
slew_change17.rpt,0.00128419,0.00056161,6.704e-05,0.00191284,Slew,0.89999998,Output,0.13959999,0.13546665
slew_change18.rpt,0.00128911,0.00056161,6.704e-05,0.00191776,Slew,0.89999998,Output,0.14026666,0.13613333
slew_change18.rpt,0.00128911,0.00056161,6.704e-05,0.00191776,Slew,0.89999998,Output,0.18413332,0.17439998
slew_change18.rpt,0.00128911,0.00056161,6.704e-05,0.00191776,Slew,0.89999998,Input,0.63679995,0.63679995
slew_change18.rpt,0.00128911,0.00056161,6.704e-05,0.00191776,Slew,0.89999998,Input,0.63679995,0.63679995
slew_change18.rpt,0.00128911,0.00056161,6.704e-05,0.00191776,Slew,0.89999998,Input,0.63679995,0.63679995
slew_change19.rpt,0.00129399,0.00056161,6.704e-05,0.00192264,Slew,0.89999998,Input,0.65853328,0.65853328
slew_change19.rpt,0.00129399,0.00056161,6.704e-05,0.00192264,Slew,0.89999998,Input,0.65853328,0.65853328
slew_change19.rpt,0.00129399,0.00056161,6.704e-05,0.00192264,Slew,0.89999998,Input,0.65853328,0.65853328
slew_change19.rpt,0.00129399,0.00056161,6.704e-05,0.00192264,Slew,0.89999998,Output,0.18519999,0.17573332
slew_change19.rpt,0.00129399,0.00056161,6.704e-05,0.00192264,Slew,0.89999998,Output,0.14093332,0.13693332
slew_change2.rpt,0.00122355,0.00056161,6.704e-05,0.0018522,Slew,0.89999998,Input,0.28839998,0.28839998
slew_change2.rpt,0.00122355,0.00056161,6.704e-05,0.0018522,Slew,0.89999998,Input,0.28839998,0.28839998
slew_change2.rpt,0.00122355,0.00056161,6.704e-05,0.0018522,Slew,0.89999998,Input,0.28839998,0.28839998
slew_change2.rpt,0.00122355,0.00056161,6.704e-05,0.0018522,Slew,0.89999998,Output,0.16999998,0.16093332
slew_change2.rpt,0.00122355,0.00056161,6.704e-05,0.0018522,Slew,0.89999998,Output,0.13013332,0.12453333
slew_change20.rpt,0.00129888,0.00056161,6.704e-05,0.00192753,Slew,0.89999998,Output,0.14159999,0.1376
slew_change20.rpt,0.00129888,0.00056161,6.704e-05,0.00192753,Slew,0.89999998,Output,0.18626666,0.17706665
slew_change20.rpt,0.00129888,0.00056161,6.704e-05,0.00192753,Slew,0.89999998,Input,0.68026665,0.68026665
slew_change20.rpt,0.00129888,0.00056161,6.704e-05,0.00192753,Slew,0.89999998,Input,0.68026665,0.68026665
slew_change20.rpt,0.00129888,0.00056161,6.704e-05,0.00192753,Slew,0.89999998,Input,0.68026665,0.68026665
slew_change21.rpt,0.00130376,0.00056161,6.704e-05,0.00193241,Slew,0.89999998,Input,0.70199993,0.70199993
slew_change21.rpt,0.00130376,0.00056161,6.704e-05,0.00193241,Slew,0.89999998,Input,0.70199993,0.70199993
slew_change21.rpt,0.00130376,0.00056161,6.704e-05,0.00193241,Slew,0.89999998,Input,0.70199993,0.70199993
slew_change21.rpt,0.00130376,0.00056161,6.704e-05,0.00193241,Slew,0.89999998,Output,0.18733332,0.17853332
slew_change21.rpt,0.00130376,0.00056161,6.704e-05,0.00193241,Slew,0.89999998,Output,0.14226667,0.13839999
slew_change22.rpt,0.00130868,0.00056161,6.704e-05,0.00193733,Slew,0.89999998,Input,0.72386666,0.72386666
slew_change22.rpt,0.00130868,0.00056161,6.704e-05,0.00193733,Slew,0.89999998,Input,0.72386666,0.72386666
slew_change22.rpt,0.00130868,0.00056161,6.704e-05,0.00193733,Slew,0.89999998,Input,0.72386666,0.72386666
slew_change22.rpt,0.00130868,0.00056161,6.704e-05,0.00193733,Slew,0.89999998,Output,0.18853331,0.17999999
slew_change22.rpt,0.00130868,0.00056161,6.704e-05,0.00193733,Slew,0.89999998,Output,0.14293332,0.1392
slew_change23.rpt,0.00131356,0.00056161,6.704e-05,0.00194221,Slew,0.89999998,Output,0.14359999,0.13986667
slew_change23.rpt,0.00131356,0.00056161,6.704e-05,0.00194221,Slew,0.89999998,Output,0.18959997,0.18146665
slew_change23.rpt,0.00131356,0.00056161,6.704e-05,0.00194221,Slew,0.89999998,Input,0.74559998,0.74559998
slew_change23.rpt,0.00131356,0.00056161,6.704e-05,0.00194221,Slew,0.89999998,Input,0.74559998,0.74559998
slew_change23.rpt,0.00131356,0.00056161,6.704e-05,0.00194221,Slew,0.89999998,Input,0.74559998,0.74559998
slew_change24.rpt,0.00131845,0.00056161,6.704e-05,0.0019471,Slew,0.89999998,Input,0.76733326,0.76733326
slew_change24.rpt,0.00131845,0.00056161,6.704e-05,0.0019471,Slew,0.89999998,Input,0.76733326,0.76733326
slew_change24.rpt,0.00131845,0.00056161,6.704e-05,0.0019471,Slew,0.89999998,Input,0.76733326,0.76733326
slew_change24.rpt,0.00131845,0.00056161,6.704e-05,0.0019471,Slew,0.89999998,Output,0.19079999,0.18306665
slew_change24.rpt,0.00131845,0.00056161,6.704e-05,0.0019471,Slew,0.89999998,Output,0.14426666,0.14066666
slew_change25.rpt,0.00132333,0.00056161,6.704e-05,0.00195198,Slew,0.89999998,Input,0.78906654,0.78906654
slew_change25.rpt,0.00132333,0.00056161,6.704e-05,0.00195198,Slew,0.89999998,Input,0.78906654,0.78906654
slew_change25.rpt,0.00132333,0.00056161,6.704e-05,0.00195198,Slew,0.89999998,Input,0.78906654,0.78906654
slew_change25.rpt,0.00132333,0.00056161,6.704e-05,0.00195198,Slew,0.89999998,Output,0.19199998,0.1848
slew_change25.rpt,0.00132333,0.00056161,6.704e-05,0.00195198,Slew,0.89999998,Output,0.14506666,0.14146666
slew_change26.rpt,0.00132825,0.00056161,6.704e-05,0.0019569,Slew,0.89999998,Output,0.19319998,0.18653331
slew_change26.rpt,0.00132825,0.00056161,6.704e-05,0.0019569,Slew,0.89999998,Output,0.14613333,0.14266666
slew_change26.rpt,0.00132825,0.00056161,6.704e-05,0.0019569,Slew,0.89999998,Input,0.81093332,0.81093332
slew_change26.rpt,0.00132825,0.00056161,6.704e-05,0.0019569,Slew,0.89999998,Input,0.81093332,0.81093332
slew_change26.rpt,0.00132825,0.00056161,6.704e-05,0.0019569,Slew,0.89999998,Input,0.81093332,0.81093332
slew_change27.rpt,0.00133313,0.00056161,6.704e-05,0.00196178,Slew,0.89999998,Input,0.8326666,0.8326666
slew_change27.rpt,0.00133313,0.00056161,6.704e-05,0.00196178,Slew,0.89999998,Input,0.8326666,0.8326666
slew_change27.rpt,0.00133313,0.00056161,6.704e-05,0.00196178,Slew,0.89999998,Input,0.8326666,0.8326666
slew_change27.rpt,0.00133313,0.00056161,6.704e-05,0.00196178,Slew,0.89999998,Output,0.19426664,0.18786667
slew_change27.rpt,0.00133313,0.00056161,6.704e-05,0.00196178,Slew,0.89999998,Output,0.14706665,0.14373333
slew_change28.rpt,0.00133802,0.00056161,6.704e-05,0.00196667,Slew,0.89999998,Input,0.85439997,0.85439997
slew_change28.rpt,0.00133802,0.00056161,6.704e-05,0.00196667,Slew,0.89999998,Input,0.85439997,0.85439997
slew_change28.rpt,0.00133802,0.00056161,6.704e-05,0.00196667,Slew,0.89999998,Input,0.85439997,0.85439997
slew_change28.rpt,0.00133802,0.00056161,6.704e-05,0.00196667,Slew,0.89999998,Output,0.19533334,0.18906666
slew_change28.rpt,0.00133802,0.00056161,6.704e-05,0.00196667,Slew,0.89999998,Output,0.14786665,0.14466665
slew_change29.rpt,0.0013429,0.00056161,6.704e-05,0.00197155,Slew,0.89999998,Output,0.14879999,0.14559999
slew_change29.rpt,0.0013429,0.00056161,6.704e-05,0.00197155,Slew,0.89999998,Output,0.19626666,0.19026666
slew_change29.rpt,0.0013429,0.00056161,6.704e-05,0.00197155,Slew,0.89999998,Input,0.87613334,0.87613334
slew_change29.rpt,0.0013429,0.00056161,6.704e-05,0.00197155,Slew,0.89999998,Input,0.87613334,0.87613334
slew_change29.rpt,0.0013429,0.00056161,6.704e-05,0.00197155,Slew,0.89999998,Input,0.87613334,0.87613334
slew_change3.rpt,0.00122622,0.00056161,6.704e-05,0.00185487,Slew,0.89999998,Input,0.31026666,0.31026666
slew_change3.rpt,0.00122622,0.00056161,6.704e-05,0.00185487,Slew,0.89999998,Input,0.31026666,0.31026666
slew_change3.rpt,0.00122622,0.00056161,6.704e-05,0.00185487,Slew,0.89999998,Input,0.31026666,0.31026666
slew_change3.rpt,0.00122622,0.00056161,6.704e-05,0.00185487,Slew,0.89999998,Output,0.17066666,0.16133333
slew_change3.rpt,0.00122622,0.00056161,6.704e-05,0.00185487,Slew,0.89999998,Output,0.13066666,0.1252
slew_change30.rpt,0.00134782,0.00056161,6.704e-05,0.00197647,Slew,0.89999998,Input,0.89799993,0.89799993
slew_change30.rpt,0.00134782,0.00056161,6.704e-05,0.00197647,Slew,0.89999998,Input,0.89799993,0.89799993
slew_change30.rpt,0.00134782,0.00056161,6.704e-05,0.00197647,Slew,0.89999998,Input,0.89799993,0.89799993
slew_change30.rpt,0.00134782,0.00056161,6.704e-05,0.00197647,Slew,0.89999998,Output,0.19733332,0.19159999
slew_change30.rpt,0.00134782,0.00056161,6.704e-05,0.00197647,Slew,0.89999998,Output,0.14973333,0.14653332
slew_change31.rpt,0.0013527,0.00056161,6.704e-05,0.00198135,Slew,0.89999998,Output,0.1984,0.19279999
slew_change31.rpt,0.0013527,0.00056161,6.704e-05,0.00198135,Slew,0.89999998,Input,0.9197333,0.9197333
slew_change31.rpt,0.0013527,0.00056161,6.704e-05,0.00198135,Slew,0.89999998,Output,0.15053332,0.14746666
slew_change31.rpt,0.0013527,0.00056161,6.704e-05,0.00198135,Slew,0.89999998,Input,0.9197333,0.9197333
slew_change31.rpt,0.0013527,0.00056161,6.704e-05,0.00198135,Slew,0.89999998,Input,0.9197333,0.9197333
slew_change32.rpt,0.00135759,0.00056161,6.704e-05,0.00198624,Slew,0.89999998,Input,0.94146658,0.94146658
slew_change32.rpt,0.00135759,0.00056161,6.704e-05,0.00198624,Slew,0.89999998,Input,0.94146658,0.94146658
slew_change32.rpt,0.00135759,0.00056161,6.704e-05,0.00198624,Slew,0.89999998,Input,0.94146658,0.94146658
slew_change32.rpt,0.00135759,0.00056161,6.704e-05,0.00198624,Slew,0.89999998,Output,0.19933332,0.194
slew_change32.rpt,0.00135759,0.00056161,6.704e-05,0.00198624,Slew,0.89999998,Output,0.15146666,0.14839999
slew_change33.rpt,0.00136247,0.00056161,6.704e-05,0.00199112,Slew,0.89999998,Input,0.96319995,0.96319995
slew_change33.rpt,0.00136247,0.00056161,6.704e-05,0.00199112,Slew,0.89999998,Input,0.96319995,0.96319995
slew_change33.rpt,0.00136247,0.00056161,6.704e-05,0.00199112,Slew,0.89999998,Input,0.96319995,0.96319995
slew_change33.rpt,0.00136247,0.00056161,6.704e-05,0.00199112,Slew,0.89999998,Output,0.20039997,0.1952
slew_change33.rpt,0.00136247,0.00056161,6.704e-05,0.00199112,Slew,0.89999998,Output,0.15226666,0.14933333
slew_change34.rpt,0.00136739,0.00056161,6.704e-05,0.00199604,Slew,0.89999998,Output,0.15319999,0.15026666
slew_change34.rpt,0.00136739,0.00056161,6.704e-05,0.00199604,Slew,0.89999998,Input,0.98506664,0.98506664
slew_change34.rpt,0.00136739,0.00056161,6.704e-05,0.00199604,Slew,0.89999998,Output,0.20133332,0.1964
slew_change34.rpt,0.00136739,0.00056161,6.704e-05,0.00199604,Slew,0.89999998,Input,0.98506664,0.98506664
slew_change34.rpt,0.00136739,0.00056161,6.704e-05,0.00199604,Slew,0.89999998,Input,0.98506664,0.98506664
slew_change35.rpt,0.00137227,0.00056161,6.704e-05,0.00200092,Slew,0.89999998,Input,1.00679992,1.00679992
slew_change35.rpt,0.00137227,0.00056161,6.704e-05,0.00200092,Slew,0.89999998,Input,1.00679992,1.00679992
slew_change35.rpt,0.00137227,0.00056161,6.704e-05,0.00200092,Slew,0.89999998,Input,1.00679992,1.00679992
slew_change35.rpt,0.00137227,0.00056161,6.704e-05,0.00200092,Slew,0.89999998,Output,0.2024,0.19773333
slew_change35.rpt,0.00137227,0.00056161,6.704e-05,0.00200092,Slew,0.89999998,Output,0.15413332,0.15119999
slew_change36.rpt,0.00137716,0.00056161,6.704e-05,0.00200581,Slew,0.89999998,Input,1.0285332,1.0285332
slew_change36.rpt,0.00137716,0.00056161,6.704e-05,0.00200581,Slew,0.89999998,Input,1.0285332,1.0285332
slew_change36.rpt,0.00137716,0.00056161,6.704e-05,0.00200581,Slew,0.89999998,Input,1.0285332,1.0285332
slew_change36.rpt,0.00137716,0.00056161,6.704e-05,0.00200581,Slew,0.89999998,Output,0.20346665,0.19893332
slew_change36.rpt,0.00137716,0.00056161,6.704e-05,0.00200581,Slew,0.89999998,Output,0.15493332,0.15213333
slew_change37.rpt,0.00138207,0.00056161,6.704e-05,0.00201072,Slew,0.89999998,Output,0.2044,0.20013332
slew_change37.rpt,0.00138207,0.00056161,6.704e-05,0.00201072,Slew,0.89999998,Input,1.05039997,1.05039997
slew_change37.rpt,0.00138207,0.00056161,6.704e-05,0.00201072,Slew,0.89999998,Output,0.15586665,0.15306666
slew_change37.rpt,0.00138207,0.00056161,6.704e-05,0.00201072,Slew,0.89999998,Input,1.05039997,1.05039997
slew_change37.rpt,0.00138207,0.00056161,6.704e-05,0.00201072,Slew,0.89999998,Input,1.05039997,1.05039997
slew_change38.rpt,0.00138696,0.00056161,6.704e-05,0.00201561,Slew,0.89999998,Output,0.15666666,0.15399999
slew_change38.rpt,0.00138696,0.00056161,6.704e-05,0.00201561,Slew,0.89999998,Output,0.20546665,0.20133332
slew_change38.rpt,0.00138696,0.00056161,6.704e-05,0.00201561,Slew,0.89999998,Input,1.07213325,1.07213325
slew_change38.rpt,0.00138696,0.00056161,6.704e-05,0.00201561,Slew,0.89999998,Input,1.07213325,1.07213325
slew_change38.rpt,0.00138696,0.00056161,6.704e-05,0.00201561,Slew,0.89999998,Input,1.07213325,1.07213325
slew_change39.rpt,0.00139184,0.00056161,6.704e-05,0.00202049,Slew,0.89999998,Input,1.09386662,1.09386662
slew_change39.rpt,0.00139184,0.00056161,6.704e-05,0.00202049,Slew,0.89999998,Input,1.09386662,1.09386662
slew_change39.rpt,0.00139184,0.00056161,6.704e-05,0.00202049,Slew,0.89999998,Input,1.09386662,1.09386662
slew_change39.rpt,0.00139184,0.00056161,6.704e-05,0.00202049,Slew,0.89999998,Output,0.20653331,0.20266665
slew_change39.rpt,0.00139184,0.00056161,6.704e-05,0.00202049,Slew,0.89999998,Output,0.15759999,0.15493332
slew_change4.rpt,0.00122888,0.00056161,6.704e-05,0.00185753,Slew,0.89999998,Output,0.17146665,0.16186665
slew_change4.rpt,0.00122888,0.00056161,6.704e-05,0.00185753,Slew,0.89999998,Input,0.33199999,0.33199999
slew_change4.rpt,0.00122888,0.00056161,6.704e-05,0.00185753,Slew,0.89999998,Output,0.13133333,0.12586667
slew_change4.rpt,0.00122888,0.00056161,6.704e-05,0.00185753,Slew,0.89999998,Input,0.33199999,0.33199999
slew_change4.rpt,0.00122888,0.00056161,6.704e-05,0.00185753,Slew,0.89999998,Input,0.33199999,0.33199999
slew_change40.rpt,0.00139673,0.00056161,6.704e-05,0.00202538,Slew,0.89999998,Output,0.15853332,0.15586665
slew_change40.rpt,0.00139673,0.00056161,6.704e-05,0.00202538,Slew,0.89999998,Output,0.20746665,0.20386664
slew_change40.rpt,0.00139673,0.00056161,6.704e-05,0.00202538,Slew,0.89999998,Input,1.11559999,1.11559999
slew_change40.rpt,0.00139673,0.00056161,6.704e-05,0.00202538,Slew,0.89999998,Input,1.11559999,1.11559999
slew_change40.rpt,0.00139673,0.00056161,6.704e-05,0.00202538,Slew,0.89999998,Input,1.11559999,1.11559999
slew_change41.rpt,0.00140165,0.00056161,6.704e-05,0.00203029,Slew,0.89999998,Input,1.13746659,1.13746659
slew_change41.rpt,0.00140165,0.00056161,6.704e-05,0.00203029,Slew,0.89999998,Input,1.13746659,1.13746659
slew_change41.rpt,0.00140165,0.00056161,6.704e-05,0.00203029,Slew,0.89999998,Output,0.20853331,0.20506664
slew_change41.rpt,0.00140165,0.00056161,6.704e-05,0.00203029,Slew,0.89999998,Output,0.15933331,0.1568
slew_change41.rpt,0.00140165,0.00056161,6.704e-05,0.00203029,Slew,0.89999998,Input,1.13746659,1.13746659
slew_change42.rpt,0.00140653,0.00056161,6.704e-05,0.00203518,Slew,0.89999998,Input,1.15919996,1.15919996
slew_change42.rpt,0.00140653,0.00056161,6.704e-05,0.00203518,Slew,0.89999998,Input,1.15919996,1.15919996
slew_change42.rpt,0.00140653,0.00056161,6.704e-05,0.00203518,Slew,0.89999998,Input,1.15919996,1.15919996
slew_change42.rpt,0.00140653,0.00056161,6.704e-05,0.00203518,Slew,0.89999998,Output,0.20959997,0.20626666
slew_change42.rpt,0.00140653,0.00056161,6.704e-05,0.00203518,Slew,0.89999998,Output,0.16026666,0.15773332
slew_change43.rpt,0.00141142,0.00056161,6.704e-05,0.00204006,Slew,0.89999998,Output,0.21053333,0.20746665
slew_change43.rpt,0.00141142,0.00056161,6.704e-05,0.00204006,Slew,0.89999998,Output,0.16106666,0.15866666
slew_change43.rpt,0.00141142,0.00056161,6.704e-05,0.00204006,Slew,0.89999998,Input,1.18093324,1.18093324
slew_change43.rpt,0.00141142,0.00056161,6.704e-05,0.00204006,Slew,0.89999998,Input,1.18093324,1.18093324
slew_change43.rpt,0.00141142,0.00056161,6.704e-05,0.00204006,Slew,0.89999998,Input,1.18093324,1.18093324
slew_change44.rpt,0.0014163,0.00056161,6.704e-05,0.00204495,Slew,0.89999998,Input,1.20266661,1.20266661
slew_change44.rpt,0.0014163,0.00056161,6.704e-05,0.00204495,Slew,0.89999998,Input,1.20266661,1.20266661
slew_change44.rpt,0.0014163,0.00056161,6.704e-05,0.00204495,Slew,0.89999998,Input,1.20266661,1.20266661
slew_change44.rpt,0.0014163,0.00056161,6.704e-05,0.00204495,Slew,0.89999998,Output,0.21159999,0.20879999
slew_change44.rpt,0.0014163,0.00056161,6.704e-05,0.00204495,Slew,0.89999998,Output,0.16199999,0.15959999
slew_change45.rpt,0.00142122,0.00056161,6.704e-05,0.00204986,Slew,0.89999998,Input,1.22453329,1.22453329
slew_change45.rpt,0.00142122,0.00056161,6.704e-05,0.00204986,Slew,0.89999998,Input,1.22453329,1.22453329
slew_change45.rpt,0.00142122,0.00056161,6.704e-05,0.00204986,Slew,0.89999998,Input,1.22453329,1.22453329
slew_change45.rpt,0.00142122,0.00056161,6.704e-05,0.00204986,Slew,0.89999998,Output,0.21266665,0.20999998
slew_change45.rpt,0.00142122,0.00056161,6.704e-05,0.00204986,Slew,0.89999998,Output,0.16293332,0.16053332
slew_change46.rpt,0.0014261,0.00056161,6.704e-05,0.00205475,Slew,0.89999998,Output,0.16373333,0.16146666
slew_change46.rpt,0.0014261,0.00056161,6.704e-05,0.00205475,Slew,0.89999998,Output,0.21359999,0.21119998
slew_change46.rpt,0.0014261,0.00056161,6.704e-05,0.00205475,Slew,0.89999998,Input,1.24626657,1.24626657
slew_change46.rpt,0.0014261,0.00056161,6.704e-05,0.00205475,Slew,0.89999998,Input,1.24626657,1.24626657
slew_change46.rpt,0.0014261,0.00056161,6.704e-05,0.00205475,Slew,0.89999998,Input,1.24626657,1.24626657
slew_change47.rpt,0.00143099,0.00056161,6.704e-05,0.00205963,Slew,0.89999998,Input,1.26799985,1.26799985
slew_change47.rpt,0.00143099,0.00056161,6.704e-05,0.00205963,Slew,0.89999998,Input,1.26799985,1.26799985
slew_change47.rpt,0.00143099,0.00056161,6.704e-05,0.00205963,Slew,0.89999998,Input,1.26799985,1.26799985
slew_change47.rpt,0.00143099,0.00056161,6.704e-05,0.00205963,Slew,0.89999998,Output,0.21466665,0.2124
slew_change47.rpt,0.00143099,0.00056161,6.704e-05,0.00205963,Slew,0.89999998,Output,0.16466665,0.16239998
slew_change48.rpt,0.00143587,0.00056161,6.704e-05,0.00206452,Slew,0.89999998,Input,1.28973322,1.28973322
slew_change48.rpt,0.00143587,0.00056161,6.704e-05,0.00206452,Slew,0.89999998,Input,1.28973322,1.28973322
slew_change48.rpt,0.00143587,0.00056161,6.704e-05,0.00206452,Slew,0.89999998,Input,1.28973322,1.28973322
slew_change48.rpt,0.00143587,0.00056161,6.704e-05,0.00206452,Slew,0.89999998,Output,0.21559999,0.21359999
slew_change48.rpt,0.00143587,0.00056161,6.704e-05,0.00206452,Slew,0.89999998,Output,0.16546665,0.16333333
slew_change49.rpt,0.00144079,0.00056161,6.704e-05,0.00206943,Slew,0.89999998,Output,0.16639998,0.16426666
slew_change49.rpt,0.00144079,0.00056161,6.704e-05,0.00206943,Slew,0.89999998,Input,1.31159991,1.31159991
slew_change49.rpt,0.00144079,0.00056161,6.704e-05,0.00206943,Slew,0.89999998,Output,0.21666665,0.21493332
slew_change49.rpt,0.00144079,0.00056161,6.704e-05,0.00206943,Slew,0.89999998,Input,1.31159991,1.31159991
slew_change49.rpt,0.00144079,0.00056161,6.704e-05,0.00206943,Slew,0.89999998,Input,1.31159991,1.31159991
slew_change5.rpt,0.00123154,0.00056161,6.704e-05,0.00186019,Slew,0.89999998,Input,0.35373331,0.35373331
slew_change5.rpt,0.00123154,0.00056161,6.704e-05,0.00186019,Slew,0.89999998,Input,0.35373331,0.35373331
slew_change5.rpt,0.00123154,0.00056161,6.704e-05,0.00186019,Slew,0.89999998,Input,0.35373331,0.35373331
slew_change5.rpt,0.00123154,0.00056161,6.704e-05,0.00186019,Slew,0.89999998,Output,0.17239998,0.16239998
slew_change5.rpt,0.00123154,0.00056161,6.704e-05,0.00186019,Slew,0.89999998,Output,0.13186665,0.12666666
slew_change50.rpt,0.00144567,0.00056161,6.704e-05,0.00207432,Slew,0.89999998,Input,1.33333328,1.33333328
slew_change50.rpt,0.00144567,0.00056161,6.704e-05,0.00207432,Slew,0.89999998,Input,1.33333328,1.33333328
slew_change50.rpt,0.00144567,0.00056161,6.704e-05,0.00207432,Slew,0.89999998,Input,1.33333328,1.33333328
slew_change50.rpt,0.00144567,0.00056161,6.704e-05,0.00207432,Slew,0.89999998,Output,0.21773331,0.21613332
slew_change50.rpt,0.00144567,0.00056161,6.704e-05,0.00207432,Slew,0.89999998,Output,0.1672,0.16519999
slew_change6.rpt,0.00123419,0.00056161,6.704e-05,0.00186284,Slew,0.89999998,Output,0.13266666,0.12746666
slew_change6.rpt,0.00123419,0.00056161,6.704e-05,0.00186284,Slew,0.89999998,Input,0.37546666,0.37546666
slew_change6.rpt,0.00123419,0.00056161,6.704e-05,0.00186284,Slew,0.89999998,Output,0.17319998,0.16319999
slew_change6.rpt,0.00123419,0.00056161,6.704e-05,0.00186284,Slew,0.89999998,Input,0.37546666,0.37546666
slew_change6.rpt,0.00123419,0.00056161,6.704e-05,0.00186284,Slew,0.89999998,Input,0.37546666,0.37546666
slew_change7.rpt,0.00123687,0.00056161,6.704e-05,0.00186552,Slew,0.89999998,Input,0.3973333,0.3973333
slew_change7.rpt,0.00123687,0.00056161,6.704e-05,0.00186552,Slew,0.89999998,Input,0.3973333,0.3973333
slew_change7.rpt,0.00123687,0.00056161,6.704e-05,0.00186552,Slew,0.89999998,Input,0.3973333,0.3973333
slew_change7.rpt,0.00123687,0.00056161,6.704e-05,0.00186552,Slew,0.89999998,Output,0.17413333,0.16399999
slew_change7.rpt,0.00123687,0.00056161,6.704e-05,0.00186552,Slew,0.89999998,Output,0.13333333,0.12826666
slew_change8.rpt,0.00124017,0.00056161,6.704e-05,0.00186882,Slew,0.89999998,Output,0.13413332,0.12906666
slew_change8.rpt,0.00124017,0.00056161,6.704e-05,0.00186882,Slew,0.89999998,Output,0.17506666,0.16493332
slew_change8.rpt,0.00124017,0.00056161,6.704e-05,0.00186882,Slew,0.89999998,Input,0.41906662,0.41906662
slew_change8.rpt,0.00124017,0.00056161,6.704e-05,0.00186882,Slew,0.89999998,Input,0.41906662,0.41906662
slew_change8.rpt,0.00124017,0.00056161,6.704e-05,0.00186882,Slew,0.89999998,Input,0.41906662,0.41906662
slew_change9.rpt,0.00124505,0.00056161,6.704e-05,0.0018737,Slew,0.89999998,Output,0.17586666,0.16573333
slew_change9.rpt,0.00124505,0.00056161,6.704e-05,0.0018737,Slew,0.89999998,Input,0.44079995,0.44079995
slew_change9.rpt,0.00124505,0.00056161,6.704e-05,0.0018737,Slew,0.89999998,Input,0.44079995,0.44079995
slew_change9.rpt,0.00124505,0.00056161,6.704e-05,0.0018737,Slew,0.89999998,Input,0.44079995,0.44079995
slew_change9.rpt,0.00124505,0.00056161,6.704e-05,0.0018737,Slew,0.89999998,Output,0.13466666,0.12973333
